{
  "ABIRoot": {
    "kind": "Root",
    "name": "CFNetworkSDK",
    "printedName": "CFNetworkSDK",
    "children": [
      {
        "kind": "Import",
        "name": "Foundation",
        "printedName": "Foundation",
        "declKind": "Import",
        "moduleName": "CFNetworkSDK"
      },
      {
        "kind": "TypeDecl",
        "name": "APIState",
        "printedName": "APIState",
        "children": [
          {
            "kind": "Var",
            "name": "VERIFY",
            "printedName": "VERIFY",
            "children": [
              {
                "kind": "TypeFunc",
                "name": "Function",
                "printedName": "(CFNetworkSDK.APIState.Type) -> CFNetworkSDK.APIState",
                "children": [
                  {
                    "kind": "TypeNominal",
                    "name": "APIState",
                    "printedName": "CFNetworkSDK.APIState",
                    "usr": "s:12CFNetworkSDK8APIStateO"
                  },
                  {
                    "kind": "TypeNominal",
                    "name": "Metatype",
                    "printedName": "CFNetworkSDK.APIState.Type",
                    "children": [
                      {
                        "kind": "TypeNominal",
                        "name": "APIState",
                        "printedName": "CFNetworkSDK.APIState",
                        "usr": "s:12CFNetworkSDK8APIStateO"
                      }
                    ]
                  }
                ]
              }
            ],
            "declKind": "EnumElement",
            "usr": "s:12CFNetworkSDK8APIStateO6VERIFYyA2CmF",
            "mangledName": "$s12CFNetworkSDK8APIStateO6VERIFYyA2CmF",
            "moduleName": "CFNetworkSDK"
          },
          {
            "kind": "Var",
            "name": "CONFIG_FETCH",
            "printedName": "CONFIG_FETCH",
            "children": [
              {
                "kind": "TypeFunc",
                "name": "Function",
                "printedName": "(CFNetworkSDK.APIState.Type) -> CFNetworkSDK.APIState",
                "children": [
                  {
                    "kind": "TypeNominal",
                    "name": "APIState",
                    "printedName": "CFNetworkSDK.APIState",
                    "usr": "s:12CFNetworkSDK8APIStateO"
                  },
                  {
                    "kind": "TypeNominal",
                    "name": "Metatype",
                    "printedName": "CFNetworkSDK.APIState.Type",
                    "children": [
                      {
                        "kind": "TypeNominal",
                        "name": "APIState",
                        "printedName": "CFNetworkSDK.APIState",
                        "usr": "s:12CFNetworkSDK8APIStateO"
                      }
                    ]
                  }
                ]
              }
            ],
            "declKind": "EnumElement",
            "usr": "s:12CFNetworkSDK8APIStateO12CONFIG_FETCHyA2CmF",
            "mangledName": "$s12CFNetworkSDK8APIStateO12CONFIG_FETCHyA2CmF",
            "moduleName": "CFNetworkSDK"
          },
          {
            "kind": "Var",
            "name": "SAVED_CARDS",
            "printedName": "SAVED_CARDS",
            "children": [
              {
                "kind": "TypeFunc",
                "name": "Function",
                "printedName": "(CFNetworkSDK.APIState.Type) -> CFNetworkSDK.APIState",
                "children": [
                  {
                    "kind": "TypeNominal",
                    "name": "APIState",
                    "printedName": "CFNetworkSDK.APIState",
                    "usr": "s:12CFNetworkSDK8APIStateO"
                  },
                  {
                    "kind": "TypeNominal",
                    "name": "Metatype",
                    "printedName": "CFNetworkSDK.APIState.Type",
                    "children": [
                      {
                        "kind": "TypeNominal",
                        "name": "APIState",
                        "printedName": "CFNetworkSDK.APIState",
                        "usr": "s:12CFNetworkSDK8APIStateO"
                      }
                    ]
                  }
                ]
              }
            ],
            "declKind": "EnumElement",
            "usr": "s:12CFNetworkSDK8APIStateO11SAVED_CARDSyA2CmF",
            "mangledName": "$s12CFNetworkSDK8APIStateO11SAVED_CARDSyA2CmF",
            "moduleName": "CFNetworkSDK"
          },
          {
            "kind": "Var",
            "name": "PAY",
            "printedName": "PAY",
            "children": [
              {
                "kind": "TypeFunc",
                "name": "Function",
                "printedName": "(CFNetworkSDK.APIState.Type) -> CFNetworkSDK.APIState",
                "children": [
                  {
                    "kind": "TypeNominal",
                    "name": "APIState",
                    "printedName": "CFNetworkSDK.APIState",
                    "usr": "s:12CFNetworkSDK8APIStateO"
                  },
                  {
                    "kind": "TypeNominal",
                    "name": "Metatype",
                    "printedName": "CFNetworkSDK.APIState.Type",
                    "children": [
                      {
                        "kind": "TypeNominal",
                        "name": "APIState",
                        "printedName": "CFNetworkSDK.APIState",
                        "usr": "s:12CFNetworkSDK8APIStateO"
                      }
                    ]
                  }
                ]
              }
            ],
            "declKind": "EnumElement",
            "usr": "s:12CFNetworkSDK8APIStateO3PAYyA2CmF",
            "mangledName": "$s12CFNetworkSDK8APIStateO3PAYyA2CmF",
            "moduleName": "CFNetworkSDK"
          },
          {
            "kind": "Var",
            "name": "ANALYTICS",
            "printedName": "ANALYTICS",
            "children": [
              {
                "kind": "TypeFunc",
                "name": "Function",
                "printedName": "(CFNetworkSDK.APIState.Type) -> CFNetworkSDK.APIState",
                "children": [
                  {
                    "kind": "TypeNominal",
                    "name": "APIState",
                    "printedName": "CFNetworkSDK.APIState",
                    "usr": "s:12CFNetworkSDK8APIStateO"
                  },
                  {
                    "kind": "TypeNominal",
                    "name": "Metatype",
                    "printedName": "CFNetworkSDK.APIState.Type",
                    "children": [
                      {
                        "kind": "TypeNominal",
                        "name": "APIState",
                        "printedName": "CFNetworkSDK.APIState",
                        "usr": "s:12CFNetworkSDK8APIStateO"
                      }
                    ]
                  }
                ]
              }
            ],
            "declKind": "EnumElement",
            "usr": "s:12CFNetworkSDK8APIStateO9ANALYTICSyA2CmF",
            "mangledName": "$s12CFNetworkSDK8APIStateO9ANALYTICSyA2CmF",
            "moduleName": "CFNetworkSDK"
          },
          {
            "kind": "Var",
            "name": "RESEND_OTP",
            "printedName": "RESEND_OTP",
            "children": [
              {
                "kind": "TypeFunc",
                "name": "Function",
                "printedName": "(CFNetworkSDK.APIState.Type) -> CFNetworkSDK.APIState",
                "children": [
                  {
                    "kind": "TypeNominal",
                    "name": "APIState",
                    "printedName": "CFNetworkSDK.APIState",
                    "usr": "s:12CFNetworkSDK8APIStateO"
                  },
                  {
                    "kind": "TypeNominal",
                    "name": "Metatype",
                    "printedName": "CFNetworkSDK.APIState.Type",
                    "children": [
                      {
                        "kind": "TypeNominal",
                        "name": "APIState",
                        "printedName": "CFNetworkSDK.APIState",
                        "usr": "s:12CFNetworkSDK8APIStateO"
                      }
                    ]
                  }
                ]
              }
            ],
            "declKind": "EnumElement",
            "usr": "s:12CFNetworkSDK8APIStateO10RESEND_OTPyA2CmF",
            "mangledName": "$s12CFNetworkSDK8APIStateO10RESEND_OTPyA2CmF",
            "moduleName": "CFNetworkSDK"
          },
          {
            "kind": "Var",
            "name": "SUBMIT_OTP",
            "printedName": "SUBMIT_OTP",
            "children": [
              {
                "kind": "TypeFunc",
                "name": "Function",
                "printedName": "(CFNetworkSDK.APIState.Type) -> CFNetworkSDK.APIState",
                "children": [
                  {
                    "kind": "TypeNominal",
                    "name": "APIState",
                    "printedName": "CFNetworkSDK.APIState",
                    "usr": "s:12CFNetworkSDK8APIStateO"
                  },
                  {
                    "kind": "TypeNominal",
                    "name": "Metatype",
                    "printedName": "CFNetworkSDK.APIState.Type",
                    "children": [
                      {
                        "kind": "TypeNominal",
                        "name": "APIState",
                        "printedName": "CFNetworkSDK.APIState",
                        "usr": "s:12CFNetworkSDK8APIStateO"
                      }
                    ]
                  }
                ]
              }
            ],
            "declKind": "EnumElement",
            "usr": "s:12CFNetworkSDK8APIStateO10SUBMIT_OTPyA2CmF",
            "mangledName": "$s12CFNetworkSDK8APIStateO10SUBMIT_OTPyA2CmF",
            "moduleName": "CFNetworkSDK"
          },
          {
            "kind": "Var",
            "name": "DELETE_CARDS",
            "printedName": "DELETE_CARDS",
            "children": [
              {
                "kind": "TypeFunc",
                "name": "Function",
                "printedName": "(CFNetworkSDK.APIState.Type) -> CFNetworkSDK.APIState",
                "children": [
                  {
                    "kind": "TypeNominal",
                    "name": "APIState",
                    "printedName": "CFNetworkSDK.APIState",
                    "usr": "s:12CFNetworkSDK8APIStateO"
                  },
                  {
                    "kind": "TypeNominal",
                    "name": "Metatype",
                    "printedName": "CFNetworkSDK.APIState.Type",
                    "children": [
                      {
                        "kind": "TypeNominal",
                        "name": "APIState",
                        "printedName": "CFNetworkSDK.APIState",
                        "usr": "s:12CFNetworkSDK8APIStateO"
                      }
                    ]
                  }
                ]
              }
            ],
            "declKind": "EnumElement",
            "usr": "s:12CFNetworkSDK8APIStateO12DELETE_CARDSyA2CmF",
            "mangledName": "$s12CFNetworkSDK8APIStateO12DELETE_CARDSyA2CmF",
            "moduleName": "CFNetworkSDK"
          },
          {
            "kind": "Var",
            "name": "CARD_BIN",
            "printedName": "CARD_BIN",
            "children": [
              {
                "kind": "TypeFunc",
                "name": "Function",
                "printedName": "(CFNetworkSDK.APIState.Type) -> CFNetworkSDK.APIState",
                "children": [
                  {
                    "kind": "TypeNominal",
                    "name": "APIState",
                    "printedName": "CFNetworkSDK.APIState",
                    "usr": "s:12CFNetworkSDK8APIStateO"
                  },
                  {
                    "kind": "TypeNominal",
                    "name": "Metatype",
                    "printedName": "CFNetworkSDK.APIState.Type",
                    "children": [
                      {
                        "kind": "TypeNominal",
                        "name": "APIState",
                        "printedName": "CFNetworkSDK.APIState",
                        "usr": "s:12CFNetworkSDK8APIStateO"
                      }
                    ]
                  }
                ]
              }
            ],
            "declKind": "EnumElement",
            "usr": "s:12CFNetworkSDK8APIStateO8CARD_BINyA2CmF",
            "mangledName": "$s12CFNetworkSDK8APIStateO8CARD_BINyA2CmF",
            "moduleName": "CFNetworkSDK"
          },
          {
            "kind": "Var",
            "name": "CARD_TDR",
            "printedName": "CARD_TDR",
            "children": [
              {
                "kind": "TypeFunc",
                "name": "Function",
                "printedName": "(CFNetworkSDK.APIState.Type) -> CFNetworkSDK.APIState",
                "children": [
                  {
                    "kind": "TypeNominal",
                    "name": "APIState",
                    "printedName": "CFNetworkSDK.APIState",
                    "usr": "s:12CFNetworkSDK8APIStateO"
                  },
                  {
                    "kind": "TypeNominal",
                    "name": "Metatype",
                    "printedName": "CFNetworkSDK.APIState.Type",
                    "children": [
                      {
                        "kind": "TypeNominal",
                        "name": "APIState",
                        "printedName": "CFNetworkSDK.APIState",
                        "usr": "s:12CFNetworkSDK8APIStateO"
                      }
                    ]
                  }
                ]
              }
            ],
            "declKind": "EnumElement",
            "usr": "s:12CFNetworkSDK8APIStateO8CARD_TDRyA2CmF",
            "mangledName": "$s12CFNetworkSDK8APIStateO8CARD_TDRyA2CmF",
            "moduleName": "CFNetworkSDK"
          },
          {
            "kind": "Constructor",
            "name": "init",
            "printedName": "init(rawValue:)",
            "children": [
              {
                "kind": "TypeNominal",
                "name": "Optional",
                "printedName": "CFNetworkSDK.APIState?",
                "children": [
                  {
                    "kind": "TypeNominal",
                    "name": "APIState",
                    "printedName": "CFNetworkSDK.APIState",
                    "usr": "s:12CFNetworkSDK8APIStateO"
                  }
                ],
                "usr": "s:Sq"
              },
              {
                "kind": "TypeNominal",
                "name": "Int",
                "printedName": "Swift.Int",
                "usr": "s:Si"
              }
            ],
            "declKind": "Constructor",
            "usr": "s:12CFNetworkSDK8APIStateO8rawValueACSgSi_tcfc",
            "mangledName": "$s12CFNetworkSDK8APIStateO8rawValueACSgSi_tcfc",
            "moduleName": "CFNetworkSDK",
            "implicit": true,
            "init_kind": "Designated"
          },
          {
            "kind": "Var",
            "name": "rawValue",
            "printedName": "rawValue",
            "children": [
              {
                "kind": "TypeNominal",
                "name": "Int",
                "printedName": "Swift.Int",
                "usr": "s:Si"
              }
            ],
            "declKind": "Var",
            "usr": "s:12CFNetworkSDK8APIStateO8rawValueSivp",
            "mangledName": "$s12CFNetworkSDK8APIStateO8rawValueSivp",
            "moduleName": "CFNetworkSDK",
            "implicit": true,
            "accessors": [
              {
                "kind": "Accessor",
                "name": "Get",
                "printedName": "Get()",
                "children": [
                  {
                    "kind": "TypeNominal",
                    "name": "Int",
                    "printedName": "Swift.Int",
                    "usr": "s:Si"
                  }
                ],
                "declKind": "Accessor",
                "usr": "s:12CFNetworkSDK8APIStateO8rawValueSivg",
                "mangledName": "$s12CFNetworkSDK8APIStateO8rawValueSivg",
                "moduleName": "CFNetworkSDK",
                "implicit": true,
                "accessorKind": "get"
              }
            ]
          }
        ],
        "declKind": "Enum",
        "usr": "s:12CFNetworkSDK8APIStateO",
        "mangledName": "$s12CFNetworkSDK8APIStateO",
        "moduleName": "CFNetworkSDK",
        "declAttributes": [
          "AccessControl"
        ],
        "enumRawTypeName": "Int",
        "conformances": [
          {
            "kind": "Conformance",
            "name": "Copyable",
            "printedName": "Copyable",
            "usr": "s:s8CopyableP",
            "mangledName": "$ss8CopyableP"
          },
          {
            "kind": "Conformance",
            "name": "Escapable",
            "printedName": "Escapable",
            "usr": "s:s9EscapableP",
            "mangledName": "$ss9EscapableP"
          },
          {
            "kind": "Conformance",
            "name": "Equatable",
            "printedName": "Equatable",
            "usr": "s:SQ",
            "mangledName": "$sSQ"
          },
          {
            "kind": "Conformance",
            "name": "Hashable",
            "printedName": "Hashable",
            "usr": "s:SH",
            "mangledName": "$sSH"
          },
          {
            "kind": "Conformance",
            "name": "RawRepresentable",
            "printedName": "RawRepresentable",
            "children": [
              {
                "kind": "TypeWitness",
                "name": "RawValue",
                "printedName": "RawValue",
                "children": [
                  {
                    "kind": "TypeNominal",
                    "name": "Int",
                    "printedName": "Swift.Int",
                    "usr": "s:Si"
                  }
                ]
              }
            ],
            "usr": "s:SY",
            "mangledName": "$sSY"
          }
        ]
      },
      {
        "kind": "TypeDecl",
        "name": "APIHandlers",
        "printedName": "APIHandlers",
        "children": [
          {
            "kind": "Function",
            "name": "onSuccess",
            "printedName": "onSuccess(apiState:result:)",
            "children": [
              {
                "kind": "TypeNominal",
                "name": "Void",
                "printedName": "()"
              },
              {
                "kind": "TypeNominal",
                "name": "APIState",
                "printedName": "CFNetworkSDK.APIState",
                "usr": "s:12CFNetworkSDK8APIStateO"
              },
              {
                "kind": "TypeNominal",
                "name": "Dictionary",
                "printedName": "[Swift.String : Any]",
                "children": [
                  {
                    "kind": "TypeNominal",
                    "name": "String",
                    "printedName": "Swift.String",
                    "usr": "s:SS"
                  },
                  {
                    "kind": "TypeNominal",
                    "name": "ProtocolComposition",
                    "printedName": "Any"
                  }
                ],
                "usr": "s:SD"
              }
            ],
            "declKind": "Func",
            "usr": "s:12CFNetworkSDK11APIHandlersP9onSuccess8apiState6resultyAA8APIStateO_SDySSypGtF",
            "mangledName": "$s12CFNetworkSDK11APIHandlersP9onSuccess8apiState6resultyAA8APIStateO_SDySSypGtF",
            "moduleName": "CFNetworkSDK",
            "genericSig": "<τ_0_0 where τ_0_0 : CFNetworkSDK.APIHandlers>",
            "sugared_genericSig": "<Self where Self : CFNetworkSDK.APIHandlers>",
            "protocolReq": true,
            "reqNewWitnessTableEntry": true,
            "funcSelfKind": "NonMutating"
          },
          {
            "kind": "Function",
            "name": "onSuccess",
            "printedName": "onSuccess(apiState:result:)",
            "children": [
              {
                "kind": "TypeNominal",
                "name": "Void",
                "printedName": "()"
              },
              {
                "kind": "TypeNominal",
                "name": "APIState",
                "printedName": "CFNetworkSDK.APIState",
                "usr": "s:12CFNetworkSDK8APIStateO"
              },
              {
                "kind": "TypeNominal",
                "name": "Array",
                "printedName": "[[Swift.String : Any]]",
                "children": [
                  {
                    "kind": "TypeNominal",
                    "name": "Dictionary",
                    "printedName": "[Swift.String : Any]",
                    "children": [
                      {
                        "kind": "TypeNominal",
                        "name": "String",
                        "printedName": "Swift.String",
                        "usr": "s:SS"
                      },
                      {
                        "kind": "TypeNominal",
                        "name": "ProtocolComposition",
                        "printedName": "Any"
                      }
                    ],
                    "usr": "s:SD"
                  }
                ],
                "usr": "s:Sa"
              }
            ],
            "declKind": "Func",
            "usr": "s:12CFNetworkSDK11APIHandlersP9onSuccess8apiState6resultyAA8APIStateO_SaySDySSypGGtF",
            "mangledName": "$s12CFNetworkSDK11APIHandlersP9onSuccess8apiState6resultyAA8APIStateO_SaySDySSypGGtF",
            "moduleName": "CFNetworkSDK",
            "genericSig": "<τ_0_0 where τ_0_0 : CFNetworkSDK.APIHandlers>",
            "sugared_genericSig": "<Self where Self : CFNetworkSDK.APIHandlers>",
            "protocolReq": true,
            "reqNewWitnessTableEntry": true,
            "funcSelfKind": "NonMutating"
          },
          {
            "kind": "Function",
            "name": "onFailure",
            "printedName": "onFailure(apiState:response:)",
            "children": [
              {
                "kind": "TypeNominal",
                "name": "Void",
                "printedName": "()"
              },
              {
                "kind": "TypeNominal",
                "name": "APIState",
                "printedName": "CFNetworkSDK.APIState",
                "usr": "s:12CFNetworkSDK8APIStateO"
              },
              {
                "kind": "TypeNominal",
                "name": "Dictionary",
                "printedName": "[Swift.String : Any]",
                "children": [
                  {
                    "kind": "TypeNominal",
                    "name": "String",
                    "printedName": "Swift.String",
                    "usr": "s:SS"
                  },
                  {
                    "kind": "TypeNominal",
                    "name": "ProtocolComposition",
                    "printedName": "Any"
                  }
                ],
                "usr": "s:SD"
              }
            ],
            "declKind": "Func",
            "usr": "s:12CFNetworkSDK11APIHandlersP9onFailure8apiState8responseyAA8APIStateO_SDySSypGtF",
            "mangledName": "$s12CFNetworkSDK11APIHandlersP9onFailure8apiState8responseyAA8APIStateO_SDySSypGtF",
            "moduleName": "CFNetworkSDK",
            "genericSig": "<τ_0_0 where τ_0_0 : CFNetworkSDK.APIHandlers>",
            "sugared_genericSig": "<Self where Self : CFNetworkSDK.APIHandlers>",
            "protocolReq": true,
            "reqNewWitnessTableEntry": true,
            "funcSelfKind": "NonMutating"
          }
        ],
        "declKind": "Protocol",
        "usr": "s:12CFNetworkSDK11APIHandlersP",
        "mangledName": "$s12CFNetworkSDK11APIHandlersP",
        "moduleName": "CFNetworkSDK",
        "genericSig": "<τ_0_0 : AnyObject>",
        "sugared_genericSig": "<Self : AnyObject>",
        "declAttributes": [
          "AccessControl"
        ],
        "conformances": [
          {
            "kind": "Conformance",
            "name": "Escapable",
            "printedName": "Escapable",
            "usr": "s:s9EscapableP",
            "mangledName": "$ss9EscapableP"
          },
          {
            "kind": "Conformance",
            "name": "Copyable",
            "printedName": "Copyable",
            "usr": "s:s8CopyableP",
            "mangledName": "$ss8CopyableP"
          }
        ]
      },
      {
        "kind": "Import",
        "name": "Foundation",
        "printedName": "Foundation",
        "declKind": "Import",
        "moduleName": "CFNetworkSDK",
        "declAttributes": [
          "RawDocComment"
        ]
      },
      {
        "kind": "TypeDecl",
        "name": "CFNetworkDelegate",
        "printedName": "CFNetworkDelegate",
        "children": [
          {
            "kind": "Function",
            "name": "didCompleteAPICall",
            "printedName": "didCompleteAPICall(data:response:error:apiState:apiHandler:)",
            "children": [
              {
                "kind": "TypeNominal",
                "name": "Void",
                "printedName": "()"
              },
              {
                "kind": "TypeNominal",
                "name": "Optional",
                "printedName": "Foundation.Data?",
                "children": [
                  {
                    "kind": "TypeNominal",
                    "name": "Data",
                    "printedName": "Foundation.Data",
                    "usr": "s:10Foundation4DataV"
                  }
                ],
                "usr": "s:Sq"
              },
              {
                "kind": "TypeNominal",
                "name": "Optional",
                "printedName": "Foundation.URLResponse?",
                "children": [
                  {
                    "kind": "TypeNominal",
                    "name": "URLResponse",
                    "printedName": "Foundation.URLResponse",
                    "usr": "c:objc(cs)NSURLResponse"
                  }
                ],
                "usr": "s:Sq"
              },
              {
                "kind": "TypeNominal",
                "name": "Optional",
                "printedName": "(any Swift.Error)?",
                "children": [
                  {
                    "kind": "TypeNominal",
                    "name": "Error",
                    "printedName": "any Swift.Error",
                    "usr": "s:s5ErrorP"
                  }
                ],
                "usr": "s:Sq"
              },
              {
                "kind": "TypeNominal",
                "name": "APIState",
                "printedName": "CFNetworkSDK.APIState",
                "usr": "s:12CFNetworkSDK8APIStateO"
              },
              {
                "kind": "TypeNominal",
                "name": "APIHandlers",
                "printedName": "any CFNetworkSDK.APIHandlers",
                "usr": "s:12CFNetworkSDK11APIHandlersP"
              }
            ],
            "declKind": "Func",
            "usr": "s:12CFNetworkSDK0A8DelegateP18didCompleteAPICall4data8response5error8apiState0J7Handlery10Foundation4DataVSg_So13NSURLResponseCSgs5Error_pSgAA8APIStateOAA11APIHandlers_ptF",
            "mangledName": "$s12CFNetworkSDK0A8DelegateP18didCompleteAPICall4data8response5error8apiState0J7Handlery10Foundation4DataVSg_So13NSURLResponseCSgs5Error_pSgAA8APIStateOAA11APIHandlers_ptF",
            "moduleName": "CFNetworkSDK",
            "genericSig": "<τ_0_0 where τ_0_0 : CFNetworkSDK.CFNetworkDelegate>",
            "sugared_genericSig": "<Self where Self : CFNetworkSDK.CFNetworkDelegate>",
            "protocolReq": true,
            "reqNewWitnessTableEntry": true,
            "funcSelfKind": "NonMutating"
          }
        ],
        "declKind": "Protocol",
        "usr": "s:12CFNetworkSDK0A8DelegateP",
        "mangledName": "$s12CFNetworkSDK0A8DelegateP",
        "moduleName": "CFNetworkSDK",
        "declAttributes": [
          "AccessControl"
        ],
        "conformances": [
          {
            "kind": "Conformance",
            "name": "Escapable",
            "printedName": "Escapable",
            "usr": "s:s9EscapableP",
            "mangledName": "$ss9EscapableP"
          },
          {
            "kind": "Conformance",
            "name": "Copyable",
            "printedName": "Copyable",
            "usr": "s:s8CopyableP",
            "mangledName": "$ss8CopyableP"
          }
        ]
      },
      {
        "kind": "Import",
        "name": "Foundation",
        "printedName": "Foundation",
        "declKind": "Import",
        "moduleName": "CFNetworkSDK",
        "declAttributes": [
          "RawDocComment"
        ]
      },
      {
        "kind": "TypeDecl",
        "name": "CFNetworkLayer",
        "printedName": "CFNetworkLayer",
        "children": [
          {
            "kind": "Constructor",
            "name": "init",
            "printedName": "init()",
            "children": [
              {
                "kind": "TypeNominal",
                "name": "CFNetworkLayer",
                "printedName": "CFNetworkSDK.CFNetworkLayer",
                "usr": "s:12CFNetworkSDK0A5LayerC"
              }
            ],
            "declKind": "Constructor",
            "usr": "s:12CFNetworkSDK0A5LayerCACycfc",
            "mangledName": "$s12CFNetworkSDK0A5LayerCACycfc",
            "moduleName": "CFNetworkSDK",
            "declAttributes": [
              "AccessControl"
            ],
            "init_kind": "Designated"
          },
          {
            "kind": "Function",
            "name": "request",
            "printedName": "request(url:body:method:headers:delegate:apiState:apiHandler:)",
            "children": [
              {
                "kind": "TypeNominal",
                "name": "Void",
                "printedName": "()"
              },
              {
                "kind": "TypeNominal",
                "name": "URL",
                "printedName": "Foundation.URL",
                "usr": "s:10Foundation3URLV"
              },
              {
                "kind": "TypeNominal",
                "name": "Optional",
                "printedName": "[Swift.String : Any]?",
                "children": [
                  {
                    "kind": "TypeNominal",
                    "name": "Dictionary",
                    "printedName": "[Swift.String : Any]",
                    "children": [
                      {
                        "kind": "TypeNominal",
                        "name": "String",
                        "printedName": "Swift.String",
                        "usr": "s:SS"
                      },
                      {
                        "kind": "TypeNominal",
                        "name": "ProtocolComposition",
                        "printedName": "Any"
                      }
                    ],
                    "usr": "s:SD"
                  }
                ],
                "usr": "s:Sq"
              },
              {
                "kind": "TypeNominal",
                "name": "String",
                "printedName": "Swift.String",
                "usr": "s:SS"
              },
              {
                "kind": "TypeNominal",
                "name": "Dictionary",
                "printedName": "[Swift.String : Swift.String]",
                "children": [
                  {
                    "kind": "TypeNominal",
                    "name": "String",
                    "printedName": "Swift.String",
                    "usr": "s:SS"
                  },
                  {
                    "kind": "TypeNominal",
                    "name": "String",
                    "printedName": "Swift.String",
                    "usr": "s:SS"
                  }
                ],
                "usr": "s:SD"
              },
              {
                "kind": "TypeNominal",
                "name": "CFNetworkDelegate",
                "printedName": "any CFNetworkSDK.CFNetworkDelegate",
                "usr": "s:12CFNetworkSDK0A8DelegateP"
              },
              {
                "kind": "TypeNominal",
                "name": "APIState",
                "printedName": "CFNetworkSDK.APIState",
                "usr": "s:12CFNetworkSDK8APIStateO"
              },
              {
                "kind": "TypeNominal",
                "name": "APIHandlers",
                "printedName": "any CFNetworkSDK.APIHandlers",
                "usr": "s:12CFNetworkSDK11APIHandlersP"
              }
            ],
            "declKind": "Func",
            "usr": "s:12CFNetworkSDK0A5LayerC7request3url4body6method7headers8delegate8apiState0J7Handlery10Foundation3URLV_SDySSypGSgSSSDyS2SGAA0A8Delegate_pAA8APIStateOAA11APIHandlers_ptF",
            "mangledName": "$s12CFNetworkSDK0A5LayerC7request3url4body6method7headers8delegate8apiState0J7Handlery10Foundation3URLV_SDySSypGSgSSSDyS2SGAA0A8Delegate_pAA8APIStateOAA11APIHandlers_ptF",
            "moduleName": "CFNetworkSDK",
            "declAttributes": [
              "AccessControl"
            ],
            "funcSelfKind": "NonMutating"
          }
        ],
        "declKind": "Class",
        "usr": "s:12CFNetworkSDK0A5LayerC",
        "mangledName": "$s12CFNetworkSDK0A5LayerC",
        "moduleName": "CFNetworkSDK",
        "isOpen": true,
        "declAttributes": [
          "AccessControl"
        ],
        "conformances": [
          {
            "kind": "Conformance",
            "name": "Copyable",
            "printedName": "Copyable",
            "usr": "s:s8CopyableP",
            "mangledName": "$ss8CopyableP"
          },
          {
            "kind": "Conformance",
            "name": "Escapable",
            "printedName": "Escapable",
            "usr": "s:s9EscapableP",
            "mangledName": "$ss9EscapableP"
          }
        ]
      }
    ],
    "json_format_version": 8
  },
  "ConstValues": [
    {
      "filePath": "\/Users\/suhasg\/Documents\/master-ios\/core-ios-pg-sdk\/CFNetworkSDK\/CFNetworkSDK\/Utils\/CFNetworkUtils.swift",
      "kind": "IntegerLiteral",
      "offset": 72,
      "length": 12,
      "value": "1"
    },
    {
      "filePath": "\/Users\/suhasg\/Documents\/master-ios\/core-ios-pg-sdk\/CFNetworkSDK\/CFNetworkSDK\/Utils\/CFNetworkUtils.swift",
      "kind": "IntegerLiteral",
      "offset": 94,
      "length": 11,
      "value": "2"
    },
    {
      "filePath": "\/Users\/suhasg\/Documents\/master-ios\/core-ios-pg-sdk\/CFNetworkSDK\/CFNetworkSDK\/Utils\/CFNetworkUtils.swift",
      "kind": "IntegerLiteral",
      "offset": 115,
      "length": 3,
      "value": "3"
    },
    {
      "filePath": "\/Users\/suhasg\/Documents\/master-ios\/core-ios-pg-sdk\/CFNetworkSDK\/CFNetworkSDK\/Utils\/CFNetworkUtils.swift",
      "kind": "IntegerLiteral",
      "offset": 128,
      "length": 9,
      "value": "4"
    },
    {
      "filePath": "\/Users\/suhasg\/Documents\/master-ios\/core-ios-pg-sdk\/CFNetworkSDK\/CFNetworkSDK\/Utils\/CFNetworkUtils.swift",
      "kind": "IntegerLiteral",
      "offset": 147,
      "length": 10,
      "value": "5"
    },
    {
      "filePath": "\/Users\/suhasg\/Documents\/master-ios\/core-ios-pg-sdk\/CFNetworkSDK\/CFNetworkSDK\/Utils\/CFNetworkUtils.swift",
      "kind": "IntegerLiteral",
      "offset": 167,
      "length": 10,
      "value": "6"
    },
    {
      "filePath": "\/Users\/suhasg\/Documents\/master-ios\/core-ios-pg-sdk\/CFNetworkSDK\/CFNetworkSDK\/Utils\/CFNetworkUtils.swift",
      "kind": "IntegerLiteral",
      "offset": 187,
      "length": 12,
      "value": "7"
    },
    {
      "filePath": "\/Users\/suhasg\/Documents\/master-ios\/core-ios-pg-sdk\/CFNetworkSDK\/CFNetworkSDK\/Utils\/CFNetworkUtils.swift",
      "kind": "IntegerLiteral",
      "offset": 209,
      "length": 8,
      "value": "8"
    },
    {
      "filePath": "\/Users\/suhasg\/Documents\/master-ios\/core-ios-pg-sdk\/CFNetworkSDK\/CFNetworkSDK\/Utils\/CFNetworkUtils.swift",
      "kind": "IntegerLiteral",
      "offset": 227,
      "length": 8,
      "value": "9"
    }
  ]
}